Rep,SR_ksha,Yield_Mgha
1,40,10.88676892
1,60,12.80047939
1,80,14.62201268
1,100,15.65411037
1,120,13.93442158
2,40,8.924457453
2,60,12.00499479
2,80,13.66667796
2,100,14.23274536
2,120,13.19479301
3,40,7.865188815
3,60,11.04693968
3,80,12.34981158
3,100,12.83698982
3,120,12.14437155
4,40,7.917051325
4,60,10.62326365
4,80,13.03010648
4,100,13.56503503
4,120,12.19504506